,順位,商品名,商品URL
0,1,腰用 サポートベルト 腰楽 コルセット 腰 サポーター 腰ベルト 腰椎コルセット 腰椎サポーター 腰椎ベルト 腰痛ベルト 腰痛コルセット 骨盤ベルト 腰楽ベルト,https://store.shopping.yahoo.co.jp/web-store/sfa-sf03.html
1,2,腰ベルト 腰楽 コルセット 骨盤ベルト 姿勢矯正 腰サポーター 骨盤矯正 腰痛ベルト 腰コルセット,https://paypaymall.yahoo.co.jp/store/laundly/item/kosibelt/
2,3,腰痛ベルト 腰痛 コルセット 腰用ベルト 腰椎 骨盤ベルト 腰ベルト 腰コルセット 腰サポーター 女性 男性 骨盤矯正 姿勢矯正,https://store.shopping.yahoo.co.jp/lorelife/h2003c-096.html
3,4,コルセット ウエストニッパー 補正下着 産後 ボディシェイパー 着圧 引き締め 矯正下着 ぽっこりお腹 メッシュ ウエスト くびれ 腰痛 baby-mine ベイビーマイン,https://store.shopping.yahoo.co.jp/harmonyshowers/korusetto.html
4,5,腰サポーター 腰痛ベルト コルセット サポーター サポートベルト 腰固定 骨盤ベルト プロテクター 男女兼用,https://store.shopping.yahoo.co.jp/kame-express/kamex-013.html
5,6,腰痛ベルト 腰痛 コルセット 腰ベルト 腰椎コルセット 骨盤ベルト サポーター 腰サポーター 腰用 サポートベルト 姿勢矯正 ダイエットベルト 女性 男性,https://store.shopping.yahoo.co.jp/lorelife/h2003c-097.html
6,7,腰痛ベルト 腰用 コルセット サポーター 女性 男性兼用 3DサポートベルトPRO 通気性 ベルト プロテクター コルセット 腰ベルト メッシュ 伸縮性,https://paypaymall.yahoo.co.jp/store/menstrend/item/supt-002/
7,8,腰ベルト 腰楽 腰痛 サポートベルトコルセット 骨盤ベルト 姿勢矯正 腰サポーター 骨盤矯正 父の日 腰痛ベルト 腰コルセット 猫背矯正,https://store.shopping.yahoo.co.jp/percymarket/kosisapo-ta-02.html
8,9,腰痛ベルト 腰痛コルセット 夏用 骨盤ベルト 骨盤矯正 腰ベルト サポーター 姿勢矯正,https://store.shopping.yahoo.co.jp/caucau-store/lowbackpainbelt.html
9,10,腰痛ベルト 腰痛 コルセット 腰用ベルト サポートベルト 腰椎 骨盤ベルト 腰ベルト 腰コルセット 腰サポーター 骨盤ベルト 女性 男性 骨盤矯正 姿勢矯正,https://store.shopping.yahoo.co.jp/sumisumi/item171.html
10,11,腰痛ベルト 腰用ベルト 腰ベルト コルセット サポート 骨盤ベルト ヘルニア,https://store.shopping.yahoo.co.jp/sincerity0216/colset.html
11,12,土日祝も当日発送 骨盤ベルト 58%オフ ゴムベルト 腰痛ベルト コルセット 即日 丸型骨盤バンド サポーター アシスト 骨盤バンド 小 ～ 大きいサイズ 生ゴム ゴム,https://store.shopping.yahoo.co.jp/wayoryohin/ai3411.html
12,13,姿勢矯正コルセット コルセット 猫背 猫背矯正 ボディメイク 産後ケア くびれ むくみ改善 むくみ予防 腰痛,https://store.shopping.yahoo.co.jp/mujina/ut-1014.html
13,14,腰ベルト 整体師推薦 腰用サポーター 骨盤 腰痛対策 サポートベルト コルセット 骨盤ベルト,https://store.shopping.yahoo.co.jp/allrivers/koshibelt.html
14,15,コルセット くびれ 腰痛 ウェストニッパー 産後 ブライダル ダイエット 引き締め,https://store.shopping.yahoo.co.jp/plin/t13-15.html
15,16,腰痛ベルト 姿勢矯正 サポートベルト 骨盤ベルト 猫背矯正 コルセット 男女兼用 ダイエット 産後 ぎっくり腰 クッション 腰痛改善グッズ 肋骨締め,https://store.shopping.yahoo.co.jp/joypartsstore/lp-24.html
16,17,腰痛ベルト 腰痛 コルセット 腰 サポーター 腰ベルト 腰用 サポートベルト 腰の保護,https://store.shopping.yahoo.co.jp/mobeaute-online/mb028.html
17,18,腰痛ベルト コルセット 腰痛 腰 サポーター サポートベルト 骨盤ベルト 腰椎コルセット 腰椎,https://store.shopping.yahoo.co.jp/houjyou-store/corset.html
18,19,腰痛 ベルト 腰サポーター サポートベルト コルセット 骨盤ベルト 腰椎 サポーター コルセット 解消 男性用 女性用 兼用 4サイズ おすすめ 大きいサイズ,https://store.shopping.yahoo.co.jp/pleasant-japan/waistsupporter.html
19,20,腰痛ベルト 腰用コルセット AIRLIFT クール メッシュ ハードフィットベルト HB03,https://store.shopping.yahoo.co.jp/medicollect/hb03.html
20,21,腰痛ベルト 腰用コルセット FINALIST オール メッシュ ハードフィットベルト,https://store.shopping.yahoo.co.jp/medicollect/fhb02.html
21,22,ウエストニッパー コルセット 補正下着 産後 ダイエット お腹 引締め くびれ 腰痛 骨盤 加圧 サポーター,https://store.shopping.yahoo.co.jp/matsh/wstnp-.html
22,23,腰痛ベルト 腰痛 コルセット 腰用ベルト 腰椎 骨盤ベルト 腰ベルト 腰コルセット 腰サポーター 女性 男性 骨盤矯正 姿勢矯正,https://store.shopping.yahoo.co.jp/mymarket/hd-20210508-wb001.html
23,24,腰サポーター 腰痛ベルト 腰用 コルセット 腰 サポーター 女性 男性 ３Dサポートベルト プロテクター 腰ベルト こし コシ メッシュ 送料無料,https://store.shopping.yahoo.co.jp/muranet-y/sp009.html
24,25,腰痛ベルト コルセット 腰サポーター 骨盤ベルト 大きいサイズ 男女兼用 骨盤補正,https://store.shopping.yahoo.co.jp/toripurusss/mmcs-b.html
25,26,【期間限定P10倍】50%OFF メディエイドサポーター しっかりガード 腰 白 腰痛ベルト 医療用品メーカー 日本シグマックス 矯正 コルセット 腰サポーター,https://store.shopping.yahoo.co.jp/sigmax-officialshop2/33801.html
26,27,腰痛 コルセット サポーター 矯正 ぎっくり腰 ベルト サポート ヘルニア 予防,https://store.shopping.yahoo.co.jp/deruderu/korusetto.html
27,28,腰用 サポートベルト 腰楽 コルセット 腰 サポーター 腰ベルト 腰椎コルセット 腰椎サポーター 腰椎ベルト 腰痛ベルト 腰痛コルセット 骨盤ベルト 腰楽ベルト,https://store.shopping.yahoo.co.jp/selectshopfu-ri/ks0001.html
28,29,ウツミ 腰サポーター コルセット 腰痛 腰用ベルト サポーター ダイエット ゴム サポート 腰 男女兼用 姿勢矯正 補正ベルト 腰痛ベルト 腰用 サポートベルト,https://paypaymall.yahoo.co.jp/store/zumi/item/2437231/
29,30,土日祝も当日発送 腰痛ベルト コルセット サポーター 丸サポートバンド メッシュ ブラック 骨盤ベルト アシスト 骨盤矯正 骨盤バンド 小 ～ 大きいサイズ,https://store.shopping.yahoo.co.jp/wayoryohin/ai3141.html
30,31,腰痛ベルト 腰用コルセット つらい腰を強力サポート AIRLIFT ハードコルセット 男女兼用ブラック,https://store.shopping.yahoo.co.jp/medicollect/hb02-bk.html
31,32,腰用 サポートベルト 腰楽 コルセット 腰 サポーター 腰ベルト 腰椎コルセット 腰椎サポーター 腰椎ベルト 腰痛ベルト 腰痛コルセット 骨盤ベルト 腰楽ベルト,https://store.shopping.yahoo.co.jp/shopshigetsu/20220212300.html
32,33,腰痛ベルト　腰用サポートベルト　骨盤ベルト　骨盤サポーター　コルセット,https://store.shopping.yahoo.co.jp/rakurakudou2015/b-belt-001.html
33,34,腰痛ベルト 腰ベルト 骨盤ベルト サポーター 骨盤 腰痛 サポートベルト コルセット 姿勢矯正,https://store.shopping.yahoo.co.jp/miraimarche/024.html
34,35,興和　バンテリンサポーター　腰椎コルセット　ブラック　Lサイズ　あすつく　送料無料,https://paypaymall.yahoo.co.jp/store/ehac/item/4987067311408/
35,36,【期間限定P10倍】シグマックス 公式 メディエイド しっかりガード腰 スタンダード 腰痛ベルト コルセット サポーター 医療用 ベルト 送料無料,https://paypaymall.yahoo.co.jp/store/sigmax-officialshop/item/33800/
36,37,土日祝も当日発送 腰痛ベルト コルセット サポーター スーパーAZ ブラック 骨盤ベルト アシスト 骨盤矯正ベルト 骨盤バンド 小 ～ 大きいサイズ 通気性 涼しい,https://store.shopping.yahoo.co.jp/wayoryohin/ai1741.html
37,38,土日祝も当日発送 腰痛ベルト コルセット サポーター ツインベルト ブラック 骨盤ベルト アシスト 骨盤矯正ベルト 骨盤バンド 小 ～ 大きいサイズ ぎっくり腰,https://store.shopping.yahoo.co.jp/wayoryohin/ai2931.html
38,39,土日祝も当日発送 大きいサイズ 腰痛ベルト コルセット ガード メッシュA ブラック 骨盤ベルト サポーター アシスト 骨盤矯正ベルト 骨盤バンド 通気性 涼しい,https://store.shopping.yahoo.co.jp/wayoryohin/ai13112big.html
39,40,Burvogue 予備リボン付き バーヴォーグ コルセット 24p強化スチールボーン くびれ #23051,https://store.shopping.yahoo.co.jp/homecoordinate/fashion-satin-24-steel-boned-waist-training-underbust-corset.html
40,41,【4.8m 替え紐付き】 バーヴォーグ Burvogue コルセット 24P スチールボーン くびれ ウエスト 23051 24,https://store.shopping.yahoo.co.jp/glv/bvg-90.html
41,42,【ネコポス送料無料】コーワ　バンテリン腰椎コルセット　各サイズ,https://store.shopping.yahoo.co.jp/kabuiris/4987067311309-1.html
42,43,腰痛 ベルト コルセット 腰用 骨盤 サポーター 女性 骨盤 矯正 姿勢 ダイエット ウエスト くびれ お腹 細く 引き締め 着圧 補正,https://store.shopping.yahoo.co.jp/hysweb/2111-22.html
43,44,腰痛ベルト コルセット サポーター ガード メッシュA 骨盤ベルト アシスト 骨盤矯正 骨盤バンド 小 ～ 大きいサイズ ぎっくり腰 ギックリ腰 通気性 涼しい,https://store.shopping.yahoo.co.jp/wayoryohinsecond/ai1311.html
44,45,土日祝も当日発送 コルセット 胸部 サポーター ライトバンド ホワイト 肋骨 あばら骨 矯正 締め バスト 胸 腹 アシスト 医療用 小 ～ 大きいサイズ 腰痛ベルト,https://store.shopping.yahoo.co.jp/wayoryohin/ai3711.html
45,46,腰痛ベルト 腰 サポーター コルセット 腰痛 ハイウエスト 大きいサイズ 5XLまで コルセット 腰用 ベルト 骨盤ベルト 男女兼用,https://store.shopping.yahoo.co.jp/greedtown/a00216.html
46,47,腰痛ベルト ベルト サポーター コルセット 腰痛 腰椎 腰 予防 大きいサイズ 中山式 日本製 男性 女性 ブラック 黒 メンズ スポーツ ボディフレーム腰用ハード,https://store.shopping.yahoo.co.jp/nakayama-shiki/2332.html
47,48,コルセット 腰用 メッシュ 通気性 腰痛対策 くびれ 腰痛ベルト ウエストニッパー ぎっくり腰 ダイエット サポーター M、L、XL、2XL 男女兼用,https://store.shopping.yahoo.co.jp/alife/100105.html
48,49,土日祝も即日発送 腰痛ベルト コルセット サポーター プロフィット メッシュ プラスチックステイ ブラック 骨盤ベルト 骨盤バンド 小 ～ 大きいサイズ 通気性,https://store.shopping.yahoo.co.jp/wayoryohinsecond/ai2031.html
49,50,腰痛ベルト コルセット 大きいサイズ 腰サポーター 骨盤ベルト男女兼用 骨盤補正,https://store.shopping.yahoo.co.jp/ansindostore/20160829600.html
50,51,バンテリン 腰 腰椎コルセット 腰痛 サポーター ブラック ブルーグレー コーワ 骨盤 腰痛ベルト,https://store.shopping.yahoo.co.jp/loupe/kws-d147.html
51,52,腰痛ベルト 腰痛 コルセット 腰 サポーター 腰用 大きいサイズ 女性用 スポーツ用 オール メッシュ 夏用 姿勢矯正 骨盤矯正 シェイプアップ ウエストシェイパー,https://store.shopping.yahoo.co.jp/aniriva-shop/518-1.html
52,53,腰痛ベルト 加圧 腰サポーター ぎっくり腰 コルセット 腰椎 骨盤 ヘルニア メンズ レディース,https://store.shopping.yahoo.co.jp/storepsn/waistsupporter-001.html
53,54,土日祝も即日発送 腰痛ベルト コルセット サポーター ガード メッシュA ブラック 骨盤ベルト アシスト 骨盤バンド 小 ～ 大きいサイズ ギックリ腰 通気性 涼しい,https://store.shopping.yahoo.co.jp/wayoryohinsecond/ai1321.html
54,55,送料無料 ウエストニッパー コルセット 骨盤矯正ベルト ダイエット お腹引き締め 矯正下着 ボーン内蔵 メッシュタイプ くびれ矯正 補正下着 腰痛 蒸れない,https://store.shopping.yahoo.co.jp/seinan/belt01a.html
55,56,土日祝も当日発送 コルセット 胸部 サポーター ライトバンド ホワイト 肋骨 あばら骨 矯正 締め バスト 胸 腹 アシスト 医療用 小 ～ 大きいサイズ 腰痛ベルト,https://store.shopping.yahoo.co.jp/wayoryohinsecond/ai3711c.html
56,57,興和　バンテリンサポーター　腰椎コルセット　ブラック　Ｍサイズ　あすつく　送料無料,https://paypaymall.yahoo.co.jp/store/ehac/item/4987067311309/
57,58,腰痛 コルセット 腰痛ベルト 腰椎ベルト 中山式 テレワーク ボディフレーム腰用フィット,https://store.shopping.yahoo.co.jp/nakayama-shiki/2331.html
58,59,腰痛ベルト コルセット 3種のパット付き サポーター 腰用 サポートベルト 医療用技術採用 補正ベルト 骨盤ベルト 姿勢矯正 産後 ギックリ腰,https://store.shopping.yahoo.co.jp/futuretrading/20181006.html
59,60,腰痛ベルト コルセット サポートベルト 男性 メンズ 普通-大きいサイズ 骨盤ベルト,https://store.shopping.yahoo.co.jp/greeneir/563-lumbagobelt.html
