,検索KW,対象商品ページURL,対象商品画像URL,対象商品価格,ASIN,商品名,URL,最低価格,prime,評価件数,評価,画像URL,商品説明
0,★★新品★★大きめサイズの晴雨兼用日傘 ドーム型 UVカット 99% 水玉柄 6,https://mercari-shops.com/products/6Z3PsLF37qUT77e3ssonjF,https://assets.mercari-shops-static.com/-/large/plain/K9U44X52NQQvvp4Lc5Hy8C.jpg,3858,B000AQN0TM,ダイヤゴルフ(DAIYA GOLF) アプローチ練習器具 アプローチ名人 ゴルフ練習ネット ボールが手元に戻る リターン式 組み立て簡単 折りたたみ収納 コンパクト 2種類の的付き 室内練習 TR-410,https://www.amazon.co.jp/dp/B000AQN0TM,4145,prime,480,4.1,https://m.media-amazon.com/images/I/51xOiasqSwL._AC_SY355_.jpg,"本商品はアプローチの繰り返し練習が気軽にできるので、理想のインパクトが楽しみながら覚えられます。
また付属の的に付け替えることにより、アプローチの種類(打ち出しの高さ)が確認できます。
使用後は折りたたんでコンパクトに収納することができます。
サイズ :幅約600mm×奥行約420mm×高さ約1200ｍｍ
材質: ポリエステル、ナイロン
›
"
1,ソニー ワイヤレスヘッドホン WH-CH510 / bluetooth / AA,https://mercari-shops.com/products/fpF3Bfhf9jnrjTRfL2Fdbe,https://assets.mercari-shops-static.com/-/large/plain/kBfV6YxSfMj3JaaPt472GB.jpg,6409,B000AQXZME,PRIMUS(プリムス) P-153 ウルトラバーナー,https://www.amazon.co.jp/dp/B000AQXZME,8910,prime,840,4.5,https://m.media-amazon.com/images/I/61rNbIqdUtL._AC_SY450_.jpg,"圧電点火装置付。出力3,600kcal/h(T型ガス使用時)。ガス消費量245g/h。燃焼時間約55分(IP-250タイプガス使用時)。
ゴトク径最大148mm/最小90mm。収納サイズ7.5×8.8×3.0cm。本体重量110g(本体99g＋点火装置11g)。
›
"
